<?xml version="1.0" encoding="utf-8" ?>
<odoo>
    <data>
        <!--Sequence number for the model mrp.order-->
        <record id="sequence_simple_mrp" model="ir.sequence">
            <field name="name">Simple MRP</field>
            <field name="code">mrp.order</field>
            <field name="prefix">MRP/</field>
            <field name="padding">5</field>
            <field name="number_next">1</field>
            <field name="number_increment">1</field>
        </record>
    </data>
</odoo>
