<?xml version="1.0" encoding="UTF-8" ?>
<odoo>
    <data noupdate="1">
<!--        sequence for the Bulk order management record - Sale Order-->
        <record id="bulk_order_create_seq_so" model="ir.sequence">
            <field name="name">Create Bulk Sale Order</field>
            <field name="code">create.bulk.so.order</field>
            <field name="prefix">BLK/SO/%(year)s/%(month)s/</field>
            <field name="padding">5</field>
            <field name="number_increment">1</field>
        </record>
<!--        sequence for the Bulk order management record - Purchase Order-->
        <record id="bulk_order_create_seq_po" model="ir.sequence">
            <field name="name">Create Bulk Purchase Order</field>
            <field name="code">create.bulk.po.order</field>
            <field name="prefix">BLK/PO/%(year)s/%(month)s/</field>
            <field name="padding">5</field>
            <field name="number_increment">1</field>
        </record>
<!--        sequence for the Bulk order management record - Manufacturing Order-->
        <record id="bulk_order_create_seq_mo" model="ir.sequence">
            <field name="name">Create Bulk Manufacturing Order</field>
            <field name="code">create.bulk.mo.order</field>
            <field name="prefix">BLK/MO/%(year)s/%(month)s/</field>
            <field name="padding">5</field>
            <field name="number_increment">1</field>
        </record>
    </data>
</odoo>
