id,name,model_id:id,group_id:id,perm_read,perm_write,perm_create,perm_unlink
access_mrp_order_user,access.mrp.order.user,model_mrp_order,simple_mrp_order.simple_mrp_order_group_manager,1,1,1,1
access_simple_mrp_bom_user,access.simple.mrp.bom.user,model_simple_mrp_bom,simple_mrp_order.simple_mrp_order_group_manager,1,1,1,1
access_simple_mrp_bom_line_user,access.simple.mrp.bom.line.user,model_simple_mrp_bom_line,simple_mrp_order.simple_mrp_order_group_manager,1,1,1,1
access_mrp_order_line_user,access.mrp.order.line.user,model_mrp_order_line,simple_mrp_order.simple_mrp_order_group_manager,1,1,1,1
