<?xml version="1.0" encoding="utf-8"?>
<odoo>
    <!--User group category of the module simple manufacturing-->
    <record id="simple_mrp_order_category"
            model="ir.module.category">
        <field name="name">Simple Manufacturing</field>
        <field name="sequence" eval="5"/>
    </record>
    <!--Manager user group-->
    <record id="simple_mrp_order_group_manager" model="res.groups">
        <field name="name">Administrator</field>
        <field name="category_id" ref="simple_mrp_order_category"/>
    </record>
    <!-- MRP Orders Multi Company rule -->
    <record id="mrp_order_rule_multi_company" model="ir.rule">
        <field name="name">MRP Order multi company rule</field>
        <field name="model_id" ref="simple_mrp_order.model_mrp_order"/>
        <field name="global" eval="True"/>
        <field name="domain_force">
            ['|',('company_id','=',False),('company_id',
            'in', company_ids)]
        </field>
    </record>
    <!-- Simple Bill of Material Multi Company rule -->
    <record id="simple_mrp_bom_rule_multi_company" model="ir.rule">
        <field name="name">Simple MRP BOM multi company rule</field>
        <field name="model_id" ref="simple_mrp_order.model_simple_mrp_bom"/>
        <field name="global" eval="True"/>
        <field name="domain_force">
            ['|',('company_id','=',False),('company_id',
            'in', company_ids)]
        </field>
    </record>
</odoo>
